insert into bioskop.users (username, email_address, password) values ("Reidara", "rthirsk0@phoca.cz", "baANbC");

insert into bioskop.users (username, email_address, password) values ("Adriannaa", "anaismith1@quantcast.com", "ZQAW3d");

insert into bioskop.users (username, email_address, password) values ("Alexandraa", "aimesen2@multiply.com", "2x3Fb7uKUrk");

insert into bioskop.users (username, email_address, password) values ("Shainaa", "smcsporrin3@youku.com", "EKSXNC");

insert into bioskop.users (username, email_address, password) values ("Brynaa", "bemmerson4@cbslocal.com", "V14BYxZZ3");

INSERT INTO `Users` (username, email_address, password)
VALUES ("najibdj_","najib.djulfikar@gmail.com","sad28sj2919k099");

INSERT INTO `Users` (username, email_address, password)
VALUES ("annisyayh_","annisya.yuliah@gmail.com","ddj992j38j4w1a1");

INSERT INTO `Users` (username, email_address, password)
VALUES ("_fahmikamil","fahmi.kamil@gmail.com","11mkkalpi02j442");

INSERT INTO `Users` (username, email_address, password)
VALUES ("yadim21","yadimul@gmail.com","8dnv9op01o1dffh");

INSERT INTO `Users` (username, email_address, password)
VALUES ("miqbalash","m.iqbalash@gmail.com","jl0as9d84bnvj32");

INSERT INTO `Users` (username, email_address, password)
VALUES ("aneu_an","aneu.andiani@gmail.com","99sjdb0w1y342hg");

INSERT INTO `Users` (username, email_address, password)
VALUES ("__hanad","hanadiar@gmail.com","4hjllsm013xasf8");

INSERT INTO `Users` (username, email_address, password)
VALUES ("dedenj","dedenj@gmail.com","s01933bbv0x092j");

INSERT INTO `Users` (username, email_address, password)
VALUES ("rizkyam","rizky.am@gmail.com","jjs01m2cx84j2fg");

INSERT INTO `Users` (username, email_address, password)
VALUES ("zeviraal","zevir.al@gmail.com","92nnco10fipe3bc");

insert into users (username, email_address,password) values 
("20001dini", "dini@gmail.com", "1001");

insert into users (username, email_address,password) values
("20002zahra", "zahra@gmail.com", "1002");

insert into users (username, email_address,password) values
("20003agus", "agus@gmail.com", "1003");

insert into users (username, email_address,password) values
("20004tisya", "tisya@gmail.com","1004");

insert into users (username, email_address,password) values
("20005rani", "rani@gmail.com","1005");

insert into users (username, email_address,password) values
("20006fajar", "fajar@gmail.com","1006");

insert into users (username, email_address,password) values
("20007irsyad", "irsyad@gmail.com","1007");

insert into users (username, email_address,password) values
("20008dani", "dani@gmail.com","1008");

insert into users (username, email_address,password) values
("20009firman", "firman@gmail.com","1009");

insert into users (username, email_address,password) values
("20010syifa", "syifa@gmail.com","1010");

INSERT INTO users (username, email_address, password)
VALUES ("Yasmin", "yasmin@gmail.com", "ya5M1N");

INSERT INTO users (username, email_address, password)
VALUES ("Anindita", "anindita@gmail.com", "AN0174");

INSERT INTO users (username, email_address, password)
VALUES ("Jovian", "jovian@gmail.com", "70V14N");

INSERT INTO users (username, email_address, password)
VALUES ("Bintang", "bintang@gmail.com", "81NT4NG");

INSERT INTO users (username, email_address, password)
VALUES ("Dimas", "dimas@gmail.com", "D1M45");

INSERT INTO users (username, email_address, password)
VALUES ("Jannah", "jannah@gmail.com", "74N4H");

INSERT INTO users (username, email_address, password)
VALUES ("Alden", "alden@gmail.com", "4LD3N");

INSERT INTO users (username, email_address, password)
VALUES ("Nazwa", "nazwa@gmail.com", "N4ZW4");

INSERT INTO users (username, email_address, password)
VALUES ("Stefan", "stefan@gmail.com", "5T3V4N");

INSERT INTO users (username, email_address, password)
VALUES ("Fadil", "fadil@gmail.com", "F4D1L");

insert into users (username, email_address, password) values ("JokoNugroho", "jknug@gmail.com", "asdf98sf7d89");

insert into users (username, email_address, password) values ("AniMaryani", "animar@gmail.com", "sg7gdf8sgs7f");

insert into users (username, email_address, password) values ("FaisalAmar", "faisar@gmail.com", "8ars6fd86f7d");

insert into users (username, email_address, password) values ("WahyuRudi", "wahyued@gmail.com", "lk3j425jkh34");

insert into users (username, email_address, password) values ("ArifinArkan", "arifi@gmail.com", "asdf98sf7d89");

insert into users (username, email_address, password) values ("BudiRaharja", "budir@gmail.com", "jh4v56jh456h");

insert into users (username, email_address, password) values ("SonyArdian", "sonyar@gmail.com", "kj56h7jk577j");

insert into users (username, email_address, password) values ("RudiRenad", "rudiren@gmail.com", "vssjhdfb8742");

insert into users (username, email_address, password) values ("AhmadWahid", "ahmadw@gmail.com", "bdnfgbfd8997");

insert into users (username, email_address, password) values ("IqbalRama", "iqbalra@gmail.com", "dfgh87gdf6hf");

insert into users (username, email_address, password) values ("ArieDewanta", "aried@gmail.com", "asvhsa87sdab");

insert into users (username, email_address, password) values ("KhaznanLabas", "khaz@gmail.com", "5b6gf4f6g51b");

insert into users (username, email_address, password) values ("AdrianMayori", "adri@gmail.com", "5f4gdbf65fdb");

insert into users (username, email_address, password) values ("FahdnulHerma", "fahd@gmail.com", "dfg8hj4y8etr");

insert into users (username, email_address, password) values ("BryanTika", "bryanti@gmail.com", "tuik4uyi98kj");

insert into users (username, email_address, password) values ("HizkiaFeb", "hizkiaf@gmail.com", "er8y97ret65h");

insert into users (username, email_address, password) values ("BanniOnnara", "banni@gmail.com", "89fb43d2fb1b");

insert into users (username, email_address, password) values ("SuryaTomo", "suryato@gmail.com", "78gnh46456fn");

insert into users (username, email_address, password) values ("FirasSha", "firashad@gmail.com", "8reyt7er65eh");

insert into users (username, email_address, password) values ("Syahid", "syahidalast@gmail.com", "231nbvc56n4h");

INSERT INTO bioskop.users
(username, email_address, password)
VALUES('rovestio', 'tanabear@getmail.lt', 'webranh');

INSERT INTO bioskop.users
(username, email_address, password)
VALUES('odlextro', 'schizogirl@mservices.life', 'scrigna');

INSERT INTO bioskop.users
(username, email_address, password)
VALUES('ehaderca', 'stalker4100@fixthisrecipe.com', 'orkirth');

INSERT INTO bioskop.users
(username, email_address, password)
VALUES('oindebit', 'pud2@mexcool.com', 'omenzan');

INSERT INTO bioskop.users
(username, email_address, password)
VALUES('inordime', 'waterpulse92@frepsalan.website', 'stionfu');

INSERT INTO bioskop.users
(username, email_address, password)
VALUES('devouson', 'zppr@alvinneo.com', 'eirempe');

INSERT INTO bioskop.users
(username, email_address, password)
VALUES('venatrin', 'dnwekl@4su.one', 'amidima');

INSERT INTO bioskop.users
(username, email_address, password)
VALUES('tecotban', 'crooks@pakkaji.com', 'sculega');

INSERT INTO bioskop.users
(username, email_address, password)
VALUES('antonzar', 'lyathifnsjau@gmailiz.com', 'dlatona');

INSERT INTO bioskop.users
(username, email_address, password)
VALUES('sparialo', 'katolap@nakiuha.com', 'antionc');


INSERT INTO `Seats` (studio_name, nomor_kursi)
VALUES ("Studio A",1);

INSERT INTO `Seats` (studio_name, nomor_kursi)
VALUES ("Studio A",2);

INSERT INTO bioskop.seats
(studio_name, nomor_kursi)
VALUES('Studio A', 11);

INSERT INTO bioskop.seats
(studio_name, nomor_kursi)
VALUES('Studio A', 12);

INSERT INTO bioskop.seats
(studio_name, nomor_kursi)
VALUES('Studio A', 13);

insert into bioskop.seats (studio_name, nomor_kursi) values ('Studio A', 20);

INSERT INTO `Seats` (studio_name, nomor_kursi)
VALUES ("Studio B",1);

INSERT INTO `Seats` (studio_name, nomor_kursi)
VALUES ("Studio B",2);

INSERT INTO bioskop.seats
(studio_name, nomor_kursi)
VALUES('Studio B', 3);

INSERT INTO bioskop.seats
(studio_name, nomor_kursi)
VALUES('Studio B', 4);

INSERT INTO bioskop.seats
(studio_name, nomor_kursi)
VALUES('Studio B', 5);

insert into seats (studio_name , nomor_kursi) values ("Studio B", "11");

insert into seats (studio_name , nomor_kursi) values ("Studio B", "12");

insert into seats (studio_name , nomor_kursi) values ("Studio B", "13");

insert into seats (studio_name , nomor_kursi) values ("Studio B", "14");

insert into seats (studio_name , nomor_kursi) values ("Studio B", "15");

insert into seats (studio_name , nomor_kursi) values ("Studio B", "16");

insert into seats (studio_name , nomor_kursi) values ("Studio B", "17");

insert into seats (studio_name , nomor_kursi) values ("Studio B", "18");

insert into seats (studio_name , nomor_kursi) values ("Studio B", "19");

insert into seats (studio_name , nomor_kursi) values ("Studio B", "20");

INSERT INTO bioskop.seats
(studio_name, nomor_kursi)
VALUES('Studio B', 24);

insert into bioskop.seats (studio_name, nomor_kursi) values ('Studio B', 30);

INSERT INTO `Seats` (studio_name, nomor_kursi)
VALUES ("Studio C",1);

INSERT INTO `Seats` (studio_name, nomor_kursi)
VALUES ("Studio C",2);

insert into bioskop.seats (studio_name, nomor_kursi) values ('Studio C', 20);

INSERT INTO bioskop.seats
(studio_name, nomor_kursi)
VALUES('Studio C', 21);

INSERT INTO bioskop.seats
(studio_name, nomor_kursi)
VALUES('Studio C', 22);


INSERT INTO bioskop.seats
(studio_name, nomor_kursi)
VALUES('Studio C', 26);

INSERT INTO `Seats` (studio_name, nomor_kursi)
VALUES ("Studio D",1);

INSERT INTO `Seats` (studio_name, nomor_kursi)
VALUES ("Studio D",2);

INSERT INTO bioskop.seats
(studio_name, nomor_kursi)
VALUES('Studio D', 7);

insert into bioskop.seats (studio_name, nomor_kursi) values ('Studio D', 30);

INSERT INTO bioskop.seats
(studio_name, nomor_kursi)
VALUES('Studio D', 31);

INSERT INTO bioskop.seats
(studio_name, nomor_kursi)
VALUES('Studio D', 32);

INSERT INTO bioskop.seats
(studio_name, nomor_kursi)
VALUES('Studio D', 33);

INSERT INTO `Seats` (studio_name, nomor_kursi)
VALUES ("Studio E",1);

INSERT INTO `Seats` (studio_name, nomor_kursi)
VALUES ("Studio E",2);

INSERT INTO bioskop.seats
(studio_name, nomor_kursi)
VALUES('Studio E', 9);

insert into bioskop.seats (studio_name, nomor_kursi) values ('Studio E', 20);


insert into seats (studio_name , nomor_kursi) values ("Studio E", "11");

insert into seats (studio_name , nomor_kursi) values ("Studio E", "12");

insert into seats (studio_name , nomor_kursi) values ("Studio E", "13");

insert into seats (studio_name , nomor_kursi) values ("Studio E", "14");

insert into seats (studio_name , nomor_kursi) values ("Studio E", "15");

insert into seats (studio_name , nomor_kursi) values ("Studio E", "16");

insert into seats (studio_name , nomor_kursi) values ("Studio E", "17");

insert into seats (studio_name , nomor_kursi) values ("Studio E", "18");

insert into seats (studio_name , nomor_kursi) values ("Studio E", "19");

insert into seats (studio_name , nomor_kursi) values ("Studio E", "21");

INSERT INTO bioskop.seats
(studio_name, nomor_kursi)
VALUES('Studio F', 10);

INSERT INTO bioskop.seats
(studio_name, nomor_kursi)
VALUES('Studio G', 11);

INSERT INTO seats (studio_name, nomor_kursi)
VALUES ("Studio G", 1);

INSERT INTO seats (studio_name, nomor_kursi)
VALUES ("Studio G", 2);

INSERT INTO seats (studio_name, nomor_kursi)
VALUES ("Studio G", 3);

INSERT INTO seats (studio_name, nomor_kursi)
VALUES ("Studio G", 4);

INSERT INTO seats (studio_name, nomor_kursi)
VALUES ("Studio G", 5);

INSERT INTO seats (studio_name, nomor_kursi)
VALUES ("Studio G", 6);

INSERT INTO seats (studio_name, nomor_kursi)
VALUES ("Studio G", 7);

INSERT INTO seats (studio_name, nomor_kursi)
VALUES ("Studio G", 8);

INSERT INTO seats (studio_name, nomor_kursi)
VALUES ("Studio G", 9);

INSERT INTO seats (studio_name, nomor_kursi)
VALUES ("Studio G", 10);

INSERT INTO bioskop.seats
(studio_name, nomor_kursi)
VALUES('Studio H', 22);

INSERT INTO bioskop.seats
(studio_name, nomor_kursi)
VALUES('Studio I', 28);

INSERT INTO bioskop.seats
(studio_name, nomor_kursi)
VALUES('Studio J', 17);


-- INSERT DATA INTO TABLE FILMS

insert into bioskop.films (film_code, seat_id, film_name, is_playing) values (34285, 1, 'Blood and Sand', false);

insert into bioskop.films (film_code, seat_id, film_name, is_playing) values (34284, 2, '16 Acres', false);

insert into bioskop.films (film_code, seat_id, film_name, is_playing) values (34289, 3, 'Hecho en México', true);

insert into bioskop.films (film_code, seat_id, film_name, is_playing) values (34281, 4, 'Enigma of Kaspar Hauser,', false);

insert into bioskop.films (film_code, seat_id, film_name, is_playing) values (34282, 5, 'Persuasion', false);

INSERT INTO `Films` (film_code, seat_id, film_name, is_playing)
VALUES (20178, 9, "Guardian Of The Galaxy", 0);

INSERT INTO `Films` (film_code, seat_id, film_name, is_playing)
VALUES (109228, 16, "Milly & Mamoet", 1);

INSERT INTO `Films` (film_code, seat_id, film_name, is_playing)
VALUES (303224, 11, "The Raids", 1);

INSERT INTO `Films` (film_code, seat_id, film_name, is_playing)
VALUES (70129, 14, "The Avangers - End Game", 0);

INSERT INTO `Films` (film_code, seat_id, film_name, is_playing)
VALUES (102114, 20, "Interstellar", 1);

INSERT INTO `Films` (film_code, seat_id, film_name, is_playing)
VALUES (401229, 15, "Naruto The Movie - The Last", 0);

INSERT INTO `Films` (film_code, seat_id, film_name, is_playing)
VALUES (402212, 19, "Jomblo", 0);

INSERT INTO `Films` (film_code, seat_id, film_name, is_playing)
VALUES (101290, 22, "Pengabdi Setan 2", 0);

INSERT INTO `Films` (film_code, seat_id, film_name, is_playing)
VALUES (702112, 21,"A Quiete Place 2", 1);

INSERT INTO bioskop.films
(film_code, seat_id, film_name, is_playing)
VALUES(12345, 1, 'dunia lain', 1);

INSERT INTO bioskop.films
(film_code, seat_id, film_name, is_playing)
VALUES(12346, 2, 'dear nathan', 0);

INSERT INTO bioskop.films
(film_code, seat_id, film_name, is_playing)
VALUES(12347, 3, 'dealova', 1);

INSERT INTO bioskop.films
(film_code, seat_id, film_name, is_playing)
VALUES(12348, 4, 'danur', 1);

INSERT INTO bioskop.films
(film_code, seat_id, film_name, is_playing)
VALUES(12349, 5, 'ku kira kau rumah', 0);

INSERT INTO bioskop.films
(film_code, seat_id, film_name, is_playing)
VALUES(12350, 6, 'danur 2', 1);

INSERT INTO bioskop.films
(film_code, seat_id, film_name, is_playing)
VALUES(12351, 7, 'KKN', 0);

INSERT INTO bioskop.films
(film_code, seat_id, film_name, is_playing)
VALUES(12352, 8, 'matt n mou', 1);

INSERT INTO bioskop.films
(film_code, seat_id, film_name, is_playing)
VALUES(12353, 9, 'hangout', 1);

INSERT INTO bioskop.films (film_code,seat_id,film_name,is_playing)
	VALUES (51686,21,'Terminator ',1);

INSERT INTO bioskop.films (film_code,seat_id,film_name,is_playing)
	VALUES (52687,22,'Terminator 2',1);

INSERT INTO bioskop.films (film_code,seat_id,film_name,is_playing)
	VALUES (53688,23,'Terminator 3',0);

INSERT INTO bioskop.films (film_code,seat_id,film_name,is_playing)
	VALUES (54689,34,'Pirates of Carrabean',1);

INSERT INTO bioskop.films (film_code,seat_id,film_name,is_playing)
	VALUES (55690,35,'Spiderman',1);

INSERT INTO bioskop.films (film_code,seat_id,film_name,is_playing)
	VALUES (56691,46,'Spiderman 2',0);

INSERT INTO bioskop.films (film_code,seat_id,film_name,is_playing)
	VALUES (57692,47,'Spiderman 3',1);

INSERT INTO bioskop.films (film_code,seat_id,film_name,is_playing)
	VALUES (58693,18,'The Matrix',1);

INSERT INTO bioskop.films (film_code,seat_id,film_name,is_playing)
	VALUES (59694,19,'The Matrix : Reloaded',0);

INSERT INTO bioskop.films (film_code,seat_id,film_name,is_playing)
	VALUES (60695,30,'The Matrix : Revolution',0);

INSERT INTO films (film_code, seat_id, film_name, is_playing)
VALUES (73118, 1, "Keluarga Cemara 2", true);

INSERT INTO films (film_code, seat_id, film_name, is_playing)
VALUES (73128, 2, "Shang-Chi", false);

INSERT INTO films (film_code, seat_id, film_name, is_playing)
VALUES (73138, 3, "Pengabdi Setan 2", true);

INSERT INTO films (film_code, seat_id, film_name, is_playing)
VALUES (73148, 4, "Morbius", true);

INSERT INTO films (film_code, seat_id, film_name, is_playing)
VALUES (73158, 5, "Black Widow", false);

INSERT INTO films (film_code, seat_id, film_name, is_playing)
VALUES (73168, 6, "Doctor Strange", false);

INSERT INTO films (film_code, seat_id, film_name, is_playing)
VALUES (73178, 7, "Venom 2", true);

INSERT INTO films (film_code, seat_id, film_name, is_playing)
VALUES (73188, 8, "Turning Red", true);

INSERT INTO films (film_code, seat_id, film_name, is_playing)
VALUES (73198, 9, "Death On The Nile", false);

INSERT INTO films (film_code, seat_id, film_name, is_playing)
VALUES (73199, 10, "Sinf 2", true);

insert into films (film_code ,film_name, is_playing, seat_id) values (65764,"Aquaman", true, 11);

insert into films (film_code ,film_name, is_playing, seat_id) values (65476,"The Dark Knight Rises", true, 12);

insert into films (film_code ,film_name, is_playing, seat_id) values (65987,"Skyfall", false, 13);

insert into films (film_code ,film_name, is_playing, seat_id) values (65875,"Rogue One: A Star Wars Story", false, 14);

insert into films (film_code ,film_name, is_playing, seat_id) values (65896,"Venom", true, 15);

insert into films (film_code ,film_name, is_playing, seat_id) values (65234,"Top Gun: Maverick", true, 16);

insert into films (film_code ,film_name, is_playing, seat_id) values (65986,"Water Gate Bridge", true, 17);

insert into films (film_code ,film_name, is_playing, seat_id) values (65432,"Uncharted", true, 18);

insert into films (film_code ,film_name, is_playing, seat_id) values (65272,"Death on the Nile", false, 19);

insert into films (film_code ,film_name, is_playing, seat_id) values (65158,"The Unbearable Weight of Massive Talent", true, 20);


insert into bioskop.schedule (film_code, tanggal_tayang, jam_mulai, jam_selesai, harga_tiket) values (34285, '2021-12-29', '12:00', '14:55', 29472);

insert into bioskop.schedule (film_code, tanggal_tayang, jam_mulai, jam_selesai, harga_tiket) values (34284, '2021-06-28', '13:02', '15:10', 26706);

insert into bioskop.schedule (film_code, tanggal_tayang, jam_mulai, jam_selesai, harga_tiket) values (34289, '2022-03-09', '13:27', '13:56', 21392);

insert into bioskop.schedule (film_code, tanggal_tayang, jam_mulai, jam_selesai, harga_tiket) values (34281, '2021-12-09', '13:04', '13:48', 20057);

insert into bioskop.schedule (film_code, tanggal_tayang, jam_mulai, jam_selesai, harga_tiket) values (34281, '2021-08-30', '12:17', '13:59', 29890);

INSERT INTO `Schedule` (film_code, tanggal_tayang, jam_mulai, jam_selesai, harga_tiket)
VALUES (702112, '22-07-20', '13:00', '15:00', 25000);

INSERT INTO `Schedule` (film_code, tanggal_tayang, jam_mulai, jam_selesai, harga_tiket)
VALUES (402212, '22-06-22', '15:30', '18:00', 35000);

INSERT INTO `Schedule` (film_code, tanggal_tayang, jam_mulai, jam_selesai, harga_tiket)
VALUES (101290, '22-07-28', '18:00', '20:00', 35000);

INSERT INTO `Schedule` (film_code, tanggal_tayang, jam_mulai, jam_selesai, harga_tiket)
VALUES (102114, '22-07-22', '13:00', '15:00', 25000);

INSERT INTO `Schedule` (film_code, tanggal_tayang, jam_mulai, jam_selesai, harga_tiket)
VALUES (102114, '22-07-23', '18:00', '20:00', 35000);

INSERT INTO `Schedule` (film_code, tanggal_tayang, jam_mulai, jam_selesai, harga_tiket)
VALUES (402212, '22-07-02', '17:00', '19:00', 45000);

INSERT INTO `Schedule` (film_code, tanggal_tayang, jam_mulai, jam_selesai, harga_tiket)
VALUES (109228, '22-06-08', '18:00', '20:00', 25000);

INSERT INTO `Schedule` (film_code, tanggal_tayang, jam_mulai, jam_selesai, harga_tiket)
VALUES (20178, '22-07-15', '18:00', '20:00', 35000);

INSERT INTO `Schedule` (film_code, tanggal_tayang, jam_mulai, jam_selesai, harga_tiket)
VALUES (402212, '22-07-05', '17:00', '19:00', 35000);

INSERT INTO `Schedule` (film_code, tanggal_tayang, jam_mulai, jam_selesai, harga_tiket)
VALUES (102114, '22-07-22', '15:00', '17:00', 25000);

INSERT INTO bioskop.schedule
(film_code, tanggal_tayang, jam_mulai, jam_selesai, harga_tiket)
VALUES(12345, '2022-06-09', '12:00:00', '14:00:00', 20000.0);

INSERT INTO bioskop.schedule
(film_code, tanggal_tayang, jam_mulai, jam_selesai, harga_tiket)
VALUES(12346, '2022-07-01', '08:00:00', '10:00:00', 20000.0);

INSERT INTO bioskop.schedule
(film_code, tanggal_tayang, jam_mulai, jam_selesai, harga_tiket)
VALUES(12347, '2022-08-02', '09:00:00', '11:00:00', 25000.0);

INSERT INTO bioskop.schedule
(film_code, tanggal_tayang, jam_mulai, jam_selesai, harga_tiket)
VALUES(12348, '2022-03-08', '13:00:00', '15:00:00', 30000.0);

INSERT INTO bioskop.schedule
(film_code, tanggal_tayang, jam_mulai, jam_selesai, harga_tiket)
VALUES(12349, '2022-02-03', '15:00:00', '17:00:00', 20000.0);

INSERT INTO bioskop.schedule
(film_code, tanggal_tayang, jam_mulai, jam_selesai, harga_tiket)
VALUES(12350, '2022-06-05', '16:00:00', '18:00:00', 25000.0);

INSERT INTO bioskop.schedule
(film_code, tanggal_tayang, jam_mulai, jam_selesai, harga_tiket)
VALUES(12351, '2022-08-04', '17:00:00', '19:00:00', 20000.0);

INSERT INTO bioskop.schedule
(film_code, tanggal_tayang, jam_mulai, jam_selesai, harga_tiket)
VALUES(12352, '2022-09-17', '10:00:00', '12:00:00', 30000.0);

INSERT INTO bioskop.schedule
(film_code, tanggal_tayang, jam_mulai, jam_selesai, harga_tiket)
VALUES(12353, '2022-04-11', '11:00:00', '13:00:00', 25000.0);

INSERT INTO bioskop.schedule
(film_code, tanggal_tayang, jam_mulai, jam_selesai, harga_tiket)
VALUES(12353, '2022-05-07', '10:00:00', '12:00:00', 30000.0);


INSERT INTO schedule (film_code, tanggal_tayang, jam_mulai, jam_selesai, harga_tiket)
VALUES (73118, "22-06-11", "11:30:00", "13:40:00", 40000 );

INSERT INTO schedule (film_code, tanggal_tayang, jam_mulai, jam_selesai, harga_tiket)
VALUES (73128, "22-06-11", "11:30:00", "13:40:00", 40000 );

INSERT INTO schedule (film_code, tanggal_tayang, jam_mulai, jam_selesai, harga_tiket)
VALUES (73138, "22-06-11", "11:30:00", "13:40:00", 40000 );

INSERT INTO schedule (film_code, tanggal_tayang, jam_mulai, jam_selesai, harga_tiket)
VALUES (73148, "22-06-11", "11:30:00", "13:40:00", 40000 );

INSERT INTO schedule (film_code, tanggal_tayang, jam_mulai, jam_selesai, harga_tiket)
VALUES (73158, "22-07-11", "12:30:00", "14:40:00", 40000 );

INSERT INTO schedule (film_code, tanggal_tayang, jam_mulai, jam_selesai, harga_tiket)
VALUES (73168, "22-07-11", "12:30:00", "14:40:00", 40000 );

INSERT INTO schedule (film_code, tanggal_tayang, jam_mulai, jam_selesai, harga_tiket)
VALUES (73178, "22-08-11", "13:30:00", "15:40:00", 40000 );

INSERT INTO schedule (film_code, tanggal_tayang, jam_mulai, jam_selesai, harga_tiket)
VALUES (73188, "22-09-11", "13:30:00", "15:40:00", 40000 );

INSERT INTO schedule (film_code, tanggal_tayang, jam_mulai, jam_selesai, harga_tiket)
VALUES (73198, "22-09-11", "14:30:00", "16:40:00", 40000 );

INSERT INTO schedule (film_code, tanggal_tayang, jam_mulai, jam_selesai, harga_tiket)
VALUES (73199, "22-09-11", "15:30:00", "17:40:00", 40000 );

INSERT INTO bioskop.schedule
(film_code, tanggal_tayang, jam_mulai, jam_selesai, harga_tiket)
VALUES(54689, '2022-03-01', '13:00', '15:00', 35000);

INSERT INTO bioskop.schedule
(film_code, tanggal_tayang, jam_mulai, jam_selesai, harga_tiket)
VALUES(54689, '2022-03-02', '16:00	', '18:00	', 35000);

INSERT INTO bioskop.schedule
(film_code, tanggal_tayang, jam_mulai, jam_selesai, harga_tiket)
VALUES(53688, '2022-04-03', '12:00', '14:00', 30000);

INSERT INTO bioskop.schedule
(film_code, tanggal_tayang, jam_mulai, jam_selesai, harga_tiket)
VALUES(53688, '2022-04-04', '15:00', '17:00', 30000);

INSERT INTO bioskop.schedule
(film_code, tanggal_tayang, jam_mulai, jam_selesai, harga_tiket)
VALUES(53688, '2022-04-05', '19:00', '21:00', 30000);

INSERT INTO bioskop.schedule
(film_code, tanggal_tayang, jam_mulai, jam_selesai, harga_tiket)
VALUES(57692, '2022-05-06', '12:30', '15:00', 40000);

INSERT INTO bioskop.schedule
(film_code, tanggal_tayang, jam_mulai, jam_selesai, harga_tiket)
VALUES(57692, '2022-05-07', '16:30', '18:00', 40000);

INSERT INTO bioskop.schedule
(film_code, tanggal_tayang, jam_mulai, jam_selesai, harga_tiket)
VALUES(57692, '2022-05-08', '19:30:00', '21:00:00', 40000.0);

INSERT INTO bioskop.schedule
(film_code, tanggal_tayang, jam_mulai, jam_selesai, harga_tiket)
VALUES(60695, '2022-06-08', '15:00:00', '17:50:00', 50000.0);

INSERT INTO bioskop.schedule
(film_code, tanggal_tayang, jam_mulai, jam_selesai, harga_tiket)
VALUES(60695, '2022-06-08', '19:00:00', '21:50:00', 50000.0);

-- QUERY SELECT

SELECT film_code, seat_id, film_name, is_playing FROM bioskop.films where is_playing = 1;

SELECT film_code, film_name, studio_name,nomor_kursi, is_playing FROM bioskop.films f left join bioskop.seats s on f.seat_id = s.seat_id;

select * from films f where film_name like '%enigma%';

SELECT * 
FROM Schedule s
INNER JOIN Films f ON s.film_code = f.film_code;

SELECT film_code, tanggal_tayang, harga_tiket
FROM Schedule s Where s.film_code = 402212;

SELECT * 
FROM Users;

SELECT film_code, seat_id, film_name, is_playing
FROM bioskop.films
WHERE film_code=12354;

SELECT user_id, username, email_address, password
FROM bioskop.users
WHERE user_id=1;

SELECT film_code, seat_id, film_name, is_playing
FROM bioskop.films
WHERE film_code=12345;

SELECT seat_id, studio_name, nomor_kursi
FROM bioskop.seats
WHERE seat_id=1;

SELECT schedule_id, film_code, tanggal_tayang, jam_mulai, jam_selesai, harga_tiket
FROM bioskop.schedule
WHERE schedule_id=1;

select * from users;

select * from films;

select * from seats;

select * from schedule;

select * from users inner join films;

select * from seats inner join schedule;

SELECT * FROM Films
WHERE film_name LIKE "%Terminator%";

SELECT username, password FROM bioskop.users;

SELECT * FROM bioskop.seats
WHERE studio_name = "A";

SELECT film_code, tanggal_tayang, jam_mulai, jam_selesai, harga_tiket FROM bioskop.schedule;

SELECT  username, `email_address`, password FROM bioskop.users;

SELECT * FROM bioskop.seats;

SELECT film_code, seat_id, film_name, is_playing
FROM bioskop.films
WHERE film_code=55690;

SELECT film_code, seat_id, film_name, is_playing
FROM bioskop.films
WHERE film_code=56691;

SELECT film_code, seat_id, film_name, is_playing
FROM bioskop.films
WHERE film_code=57692;

select username, email_address from users where username like "%joko%";

select username, char_length(username) as panjangchar from users where character_length(username) < 11;

select username, email_address from  users where email_address like "%@gmail.com";

select * from schedule s join films f;

select f.film_name, s.tanggal_tayang, s.jam_mulai, s.harga_tiket from schedule s join films f where s.harga_tiket = 50000;

select f.film_name, s.tanggal_tayang, s.jam_mulai, s.harga_tiket from schedule s join films f where f.is_playing = false ;

select distinct f.film_name, f.is_playing from schedule s join films f where f.is_playing = false ;

select f.film_name, s.tanggal_tayang, s.jam_mulai, s2.studio_name , s.harga_tiket from schedule s join seats s2 join films f;
